{"KRY-01-Akila": {"precision": 1.0, "recall": 1.0, "f1-score": 1.0, "support": 127.0}, "KRY-02-Ananta": {"precision": 1.0, "recall": 1.0, "f1-score": 1.0, "support": 130.0}, "KRY-03-Gabriel": {"precision": 1.0, "recall": 1.0, "f1-score": 1.0, "support": 128.0}, "KRY-04-Nazira": {"precision": 1.0, "recall": 0.9779411764705882, "f1-score": 0.9888475836431226, "support": 136.0}, "KRY-05-Firman": {"precision": 1.0, "recall": 1.0, "f1-score": 1.0, "support": 135.0}, "KRY-06-Anggi": {"precision": 0.9696969696969697, "recall": 1.0, "f1-score": 0.9846153846153847, "support": 128.0}, "KRY-07-Wilda": {"precision": 1.0, "recall": 0.98, "f1-score": 0.98989898989899, "support": 50.0}, "accuracy": 0.9952038369304557, "macro avg": {"precision": 0.9956709956709957, "recall": 0.9939915966386556, "f1-score": 0.9947659940224997, "support": 834.0}, "weighted avg": {"precision": 0.9953491752052903, "recall": 0.9952038369304557, "f1-score": 0.9952146164282776, "support": 834.0}}