{"KRY-01-Akila": {"precision": 1.0, "recall": 1.0, "f1-score": 1.0, "support": 127.0}, "KRY-02-Ananta": {"precision": 0.9848484848484849, "recall": 1.0, "f1-score": 0.9923664122137404, "support": 130.0}, "KRY-03-Gabriel": {"precision": 1.0, "recall": 1.0, "f1-score": 1.0, "support": 128.0}, "KRY-04-Nazira": {"precision": 1.0, "recall": 0.9852941176470589, "f1-score": 0.9925925925925926, "support": 136.0}, "KRY-05-Firman": {"precision": 1.0, "recall": 1.0, "f1-score": 1.0, "support": 135.0}, "accuracy": 0.9969512195121951, "macro avg": {"precision": 0.9969696969696968, "recall": 0.9970588235294118, "f1-score": 0.9969918009612666, "support": 656.0}, "weighted avg": {"precision": 0.9969974131559497, "recall": 0.9969512195121951, "f1-score": 0.9969515642993579, "support": 656.0}}