{"KRY-01-Akila": {"precision": 0.946969696969697, "recall": 1.0, "f1-score": 0.9727626459143969, "support": 250.0}, "KRY-02-Ananta": {"precision": 0.9836065573770492, "recall": 0.96, "f1-score": 0.97165991902834, "support": 250.0}, "KRY-03-Gabriel": {"precision": 0.97265625, "recall": 0.996, "f1-score": 0.9841897233201581, "support": 250.0}, "KRY-04-Nazira": {"precision": 1.0, "recall": 0.944, "f1-score": 0.9711934156378601, "support": 250.0}, "KRY-05-Firman": {"precision": 1.0, "recall": 1.0, "f1-score": 1.0, "support": 255.0}, "accuracy": 0.9800796812749004, "macro avg": {"precision": 0.9806465008693493, "recall": 0.9800000000000001, "f1-score": 0.9799611407801511, "support": 1255.0}, "weighted avg": {"precision": 0.9807236064435749, "recall": 0.9800796812749004, "f1-score": 0.9800409768726605, "support": 1255.0}}